{"count":1,"self":200.4403968,"total":5943.7763896,"children":{"InitializeActuators":{"count":6,"self":0.00050769999999999993,"total":0.00050769999999999993,"children":null},"InitializeSensors":{"count":6,"self":0.0020181,"total":0.0020181,"children":null},"AgentSendState":{"count":500003,"self":97.0657408,"total":173.6572027,"children":{"CollectObservations":{"count":3000018,"self":9.3679432,"total":9.3679434,"children":null},"WriteActionMask":{"count":3000018,"self":0.8740454,"total":0.8740454,"children":null},"RequestDecision":{"count":3000018,"self":2.1875367999999997,"total":66.349471499999993,"children":{"AgentInfo.ToProto":{"count":3000018,"self":5.2650312,"total":64.1619347,"children":{"GenerateSensorData":{"count":3000018,"self":52.869856,"total":58.896903699999996,"children":{"RayPerceptionSensor.Perceive":{"count":3000018,"self":6.0270491999999996,"total":6.0270491999999996,"children":null}}}}}}}}},"DecideAction":{"count":500003,"self":5561.2194816,"total":5561.2194351,"children":null},"AgentAct":{"count":500003,"self":8.4164512,"total":8.4164508,"children":null},"AgentInfo.ToProto":{"count":1272,"self":0.0100768,"total":0.0378632,"children":{"GenerateSensorData":{"count":1272,"self":0.023760899999999998,"total":0.0277864,"children":{"RayPerceptionSensor.Perceive":{"count":1272,"self":0.0040254999999999996,"total":0.0040254999999999996,"children":null}}}}}},"gauges":{"MARLAgent.CumulativeReward":{"count":1272,"max":0,"min":0,"runningAverage":0,"value":0,"weightedAverage":0}},"metadata":{"timer_format_version":"0.1.0","start_time_seconds":"1757298134","unity_version":"2023.2.20f1","command_line_arguments":"C:\\Users\\user\\Desktop\\liir_new_main\\UnityEnv\/Windows\/MARLvsMARL\/i2a1_4\/MARLvsMARL.exe -nographics -batchmode --mlagents-port 5013","communication_protocol_version":"1.5.0","com.unity.ml-agents_version":"3.0.0","scene_name":"i2a1_4","end_time_seconds":"1757304078"}}