{"count":1,"self":4558.4433152,"total":20291.6806216,"children":{"InitializeActuators":{"count":6,"self":0.0009996,"total":0.0009996,"children":null},"InitializeSensors":{"count":6,"self":0.0020007,"total":0.0020007,"children":null},"AgentSendState":{"count":2000002,"self":203.6370432,"total":446.0209678,"children":{"CollectObservations":{"count":12000012,"self":73.2143552,"total":73.214354399999991,"children":null},"WriteActionMask":{"count":12000012,"self":2.1393758,"total":2.1393758,"children":null},"RequestDecision":{"count":12000012,"self":6.276746,"total":167.03019759999998,"children":{"AgentInfo.ToProto":{"count":12000012,"self":12.1247616,"total":160.75345149999998,"children":{"GenerateSensorData":{"count":12000012,"self":129.3293568,"total":148.6286896,"children":{"RayPerceptionSensor.Perceive":{"count":12000012,"self":19.2993392,"total":19.299338499999998,"children":null}}}}}}}}},"DecideAction":{"count":2000002,"self":15264.020889599999,"total":15264.020925499999,"children":null},"AgentAct":{"count":2000002,"self":23.1637392,"total":23.163738499999997,"children":null},"AgentInfo.ToProto":{"count":2514,"self":0,"total":0.027202999999999998,"children":{"GenerateSensorData":{"count":2514,"self":0.0216487,"total":0.027202999999999998,"children":{"RayPerceptionSensor.Perceive":{"count":2514,"self":0.0055543,"total":0.0055543,"children":null}}}}}},"gauges":{"MARLAgent.CumulativeReward":{"count":2514,"max":0,"min":0,"runningAverage":0,"value":0,"weightedAverage":0}},"metadata":{"timer_format_version":"0.1.0","start_time_seconds":"1766942425","unity_version":"2023.2.22f1","command_line_arguments":"C:\\Users\\user\\Desktop\\liir_new_main\\UnityEnv\/Windows\/RSA\/MARL\/i3a2b1_r_3\/MARLvsRSA.exe -nographics -batchmode --mlagents-port 5007","communication_protocol_version":"1.5.0","com.unity.ml-agents_version":"3.0.0","scene_name":"i3a2b1_rnd2","end_time_seconds":"1766962717"}}