{"count":1,"self":906.7411456,"total":38847.7668072,"children":{"InitializeActuators":{"count":6,"self":0.0015172999999999999,"total":0.0015172999999999999,"children":null},"InitializeSensors":{"count":6,"self":0.0020118,"total":0.0020118,"children":null},"AgentSendState":{"count":2000179,"self":201.837504,"total":394.2447259,"children":{"CollectObservations":{"count":12001074,"self":29.4144704,"total":29.4144714,"children":null},"WriteActionMask":{"count":12001074,"self":1.8630456,"total":1.8630455,"children":null},"RequestDecision":{"count":12001074,"self":6.1404592,"total":161.12970149999998,"children":{"AgentInfo.ToProto":{"count":12001074,"self":11.2205624,"total":154.98924209999998,"children":{"GenerateSensorData":{"count":12001074,"self":124.26179839999999,"total":143.76867959999998,"children":{"RayPerceptionSensor.Perceive":{"count":12001074,"self":19.50688,"total":19.506880499999998,"children":null}}}}}}}}},"DecideAction":{"count":2000179,"self":37532.4082176,"total":37532.409443699995,"children":null},"AgentAct":{"count":2000179,"self":14.3412528,"total":14.341253499999999,"children":null},"AgentInfo.ToProto":{"count":2454,"self":0,"total":0.025728599999999997,"children":{"GenerateSensorData":{"count":2454,"self":0.0221855,"total":0.025728599999999997,"children":{"RayPerceptionSensor.Perceive":{"count":2454,"self":0.0035431,"total":0.0035431,"children":null}}}}}},"gauges":{"MARLAgent.CumulativeReward":{"count":2454,"max":0,"min":0,"runningAverage":0,"value":0,"weightedAverage":0}},"metadata":{"timer_format_version":"0.1.0","start_time_seconds":"1774013534","unity_version":"2023.2.20f1","command_line_arguments":"C:\\Users\\user\\Desktop\\IRF_main\\src\\UnityEnv\/Windows\/RSA\/MARL\/i3a2b1\/MARLvsRSA.exe -nographics -batchmode --mlagents-port 5006","communication_protocol_version":"1.5.0","com.unity.ml-agents_version":"3.0.0","scene_name":"i3a2t1_new","end_time_seconds":"1774052382"}}