{"count":1,"self":563.11490559999993,"total":25340.097840899998,"children":{"InitializeActuators":{"count":18,"self":0.0005609,"total":0.0005609,"children":null},"InitializeSensors":{"count":18,"self":0.0015052,"total":0.0015052,"children":null},"AgentSendState":{"count":1000021,"self":319.40567039999996,"total":691.6853874,"children":{"CollectObservations":{"count":18000378,"self":60.318105599999996,"total":60.3181066,"children":null},"WriteActionMask":{"count":18000378,"self":2.8751008,"total":2.8751007,"children":null},"RequestDecision":{"count":18000378,"self":9.716016,"total":309.0864969,"children":{"AgentInfo.ToProto":{"count":18000378,"self":17.447575999999998,"total":299.370481,"children":{"GenerateSensorData":{"count":18000378,"self":251.36017919999998,"total":281.9229047,"children":{"RayPerceptionSensor.Perceive":{"count":18000378,"self":30.5627328,"total":30.562732999999998,"children":null}}}}}}}}},"DecideAction":{"count":1000021,"self":24058.842316799997,"total":24058.8431218,"children":null},"AgentAct":{"count":1000021,"self":26.414112,"total":26.414112499999998,"children":null},"AgentInfo.ToProto":{"count":2196,"self":0,"total":0.037247499999999996,"children":{"GenerateSensorData":{"count":2196,"self":0.0321633,"total":0.037247499999999996,"children":{"RayPerceptionSensor.Perceive":{"count":2196,"self":0.0050842,"total":0.0050842,"children":null}}}}}},"gauges":{"MARLAgent.CumulativeReward":{"count":2196,"max":0,"min":0,"runningAverage":0,"value":0,"weightedAverage":0}},"metadata":{"timer_format_version":"0.1.0","start_time_seconds":"1774155988","unity_version":"2023.2.20f1","command_line_arguments":"C:\\Users\\user\\Desktop\\IRF_main\\src\\UnityEnv\/Windows\/MARLvsMARL\/i3a3b3\/MARLvsMARL.exe -nographics -batchmode --mlagents-port 5011","communication_protocol_version":"1.5.0","com.unity.ml-agents_version":"3.0.0","scene_name":"i3a3b3","end_time_seconds":"1774181328"}}