{"count":1,"self":508.5244416,"total":18914.7564899,"children":{"InitializeActuators":{"count":12,"self":0.0015079,"total":0.0015079,"children":null},"InitializeSensors":{"count":12,"self":0.0030188999999999997,"total":0.0030188999999999997,"children":null},"AgentSendState":{"count":1000021,"self":202.412544,"total":387.9526497,"children":{"CollectObservations":{"count":12000252,"self":27.6553152,"total":27.6553164,"children":null},"WriteActionMask":{"count":12000252,"self":1.6308008999999999,"total":1.6308008999999999,"children":null},"RequestDecision":{"count":12000252,"self":5.4815064,"total":156.2539832,"children":{"AgentInfo.ToProto":{"count":12000252,"self":10.648244,"total":150.77247699999998,"children":{"GenerateSensorData":{"count":12000252,"self":120.8924416,"total":140.1242333,"children":{"RayPerceptionSensor.Perceive":{"count":12000252,"self":19.2317872,"total":19.2317878,"children":null}}}}}}}}},"DecideAction":{"count":1000021,"self":17996.1593856,"total":17996.1601376,"children":null},"AgentAct":{"count":1000021,"self":22.0664832,"total":22.066482999999998,"children":null},"AgentInfo.ToProto":{"count":4188,"self":0.0050244999999999995,"total":0.046255,"children":{"GenerateSensorData":{"count":4188,"self":0.0367144,"total":0.041230499999999996,"children":{"RayPerceptionSensor.Perceive":{"count":4188,"self":0.0045160999999999995,"total":0.0045160999999999995,"children":null}}}}}},"gauges":{"MARLAgent.CumulativeReward":{"count":4188,"max":0,"min":0,"runningAverage":0,"value":0,"weightedAverage":0}},"metadata":{"timer_format_version":"0.1.0","start_time_seconds":"1774080391","unity_version":"2023.2.20f1","command_line_arguments":"C:\\Users\\user\\Desktop\\IRF_main\\src\\UnityEnv\/Windows\/MARLvsMARL\/i3a2b1\/MARLvsMARL.exe -nographics -batchmode --mlagents-port 5011","communication_protocol_version":"1.5.0","com.unity.ml-agents_version":"3.0.0","scene_name":"i3a2t1_new","end_time_seconds":"1774099305"}}