{"count":1,"self":4851.8975488,"total":20397.800744199998,"children":{"InitializeActuators":{"count":6,"self":0.0012272,"total":0.0012272,"children":null},"InitializeSensors":{"count":6,"self":0.002015,"total":0.002015,"children":null},"AgentSendState":{"count":2000002,"self":191.8716672,"total":422.17424539999996,"children":{"CollectObservations":{"count":12000012,"self":70.09738879999999,"total":70.09738759999999,"children":null},"WriteActionMask":{"count":12000012,"self":1.9984035999999998,"total":1.9984035,"children":null},"RequestDecision":{"count":12000012,"self":6.0130719999999993,"total":158.2067816,"children":{"AgentInfo.ToProto":{"count":12000012,"self":11.250911199999999,"total":152.19370949999998,"children":{"GenerateSensorData":{"count":12000012,"self":121.87560959999999,"total":140.9427981,"children":{"RayPerceptionSensor.Perceive":{"count":12000012,"self":19.0671872,"total":19.067187999999998,"children":null}}}}}}}}},"DecideAction":{"count":2000002,"self":15102.7744768,"total":15102.774604799999,"children":null},"AgentAct":{"count":2000002,"self":20.9192336,"total":20.9192339,"children":null},"AgentInfo.ToProto":{"count":2478,"self":0,"total":0.029711099999999997,"children":{"GenerateSensorData":{"count":2478,"self":0.023702599999999997,"total":0.029711099999999997,"children":{"RayPerceptionSensor.Perceive":{"count":2478,"self":0.0060085,"total":0.0060085,"children":null}}}}}},"gauges":{"MARLAgent.CumulativeReward":{"count":2478,"max":0,"min":0,"runningAverage":0,"value":0,"weightedAverage":0}},"metadata":{"timer_format_version":"0.1.0","start_time_seconds":"1766028900","unity_version":"2023.2.22f1","command_line_arguments":"C:\\Users\\user\\Desktop\\liir_new_main\\UnityEnv\/Windows\/RSA\/MARL\/i3a2b1_r2\/MARLvsRSA.exe -nographics -batchmode --mlagents-port 5005","communication_protocol_version":"1.5.0","com.unity.ml-agents_version":"3.0.0","scene_name":"i3a2b1_rnd","end_time_seconds":"1766049298"}}